{
  "accuracy": 0.8059800664451827,
  "precision": 0.8102056172717165,
  "recall": 0.8059800664451827,
  "f1_score": 0.8020246079692208,
  "model_type": "Logistic Regression",
  "training_date": "2025-12-23T09:26:15.994216"
}